-- Task 1: Advanced SQL
-- Mandatory: 1. SQL Exercise - Advanced concepts -> Exercise 1 (Ranking and Window Functions)
-- Additional: 2. SQL Exercise - Index -> all 3 hands-on exercises
-- Schema: Online Retail Store (Customers/Products/Orders/OrderDetails)

CREATE TABLE Customers (
    CustomerID INT PRIMARY KEY,
    Name VARCHAR(100),
    Region VARCHAR(50)
);

CREATE TABLE Products (
    ProductID INT PRIMARY KEY,
    ProductName VARCHAR(100),
    Category VARCHAR(50),
    Price DECIMAL(10, 2)
);

CREATE TABLE Orders (
    OrderID INT CONSTRAINT PK_Orders PRIMARY KEY,
    CustomerID INT,
    OrderDate DATE,
    FOREIGN KEY (CustomerID) REFERENCES Customers(CustomerID)
);

CREATE TABLE OrderDetails (
    OrderDetailID INT PRIMARY KEY,
    OrderID INT,
    ProductID INT,
    Quantity INT,
    FOREIGN KEY (OrderID) REFERENCES Orders(OrderID),
    FOREIGN KEY (ProductID) REFERENCES Products(ProductID)
);

INSERT INTO Customers (CustomerID, Name, Region) VALUES
(1, 'Alice', 'North'),
(2, 'Bob', 'South'),
(3, 'Charlie', 'East'),
(4, 'David', 'West');

INSERT INTO Products (ProductID, ProductName, Category, Price) VALUES
(1, 'Laptop', 'Electronics', 1200.00),
(2, 'Smartphone', 'Electronics', 800.00),
(3, 'Tablet', 'Electronics', 600.00),
(4, 'Headphones', 'Accessories', 150.00);

INSERT INTO Orders (OrderID, CustomerID, OrderDate) VALUES
(1, 1, '2023-01-15'),
(2, 2, '2023-02-20'),
(3, 3, '2023-03-25'),
(4, 4, '2023-04-30');

INSERT INTO OrderDetails (OrderDetailID, OrderID, ProductID, Quantity) VALUES
(1, 1, 1, 1),
(2, 2, 2, 2),
(3, 3, 3, 1),
(4, 4, 4, 3);
GO

-- ===== Exercise 1: Ranking and Window Functions =====
-- Top 3 most expensive products per category
SELECT ProductID, ProductName, Category, Price, rn, rk, drk
FROM (
    SELECT ProductID, ProductName, Category, Price,
           ROW_NUMBER() OVER (PARTITION BY Category ORDER BY Price DESC) AS rn,
           RANK()       OVER (PARTITION BY Category ORDER BY Price DESC) AS rk,
           DENSE_RANK() OVER (PARTITION BY Category ORDER BY Price DESC) AS drk
    FROM Products
) ranked
WHERE rn <= 3;
GO

-- ===== Index.sql Exercise 1: Non-Clustered Index on Products.ProductName =====
SELECT * FROM Products WHERE ProductName = 'Laptop';

CREATE NONCLUSTERED INDEX IX_Products_ProductName ON Products (ProductName);

SELECT * FROM Products WHERE ProductName = 'Laptop';
GO

-- ===== Index.sql Exercise 2: Clustered Index on Orders.OrderDate =====
-- PK_Orders is named explicitly above so it can be dropped by name (a table
-- can only have one clustered index, and PRIMARY KEY makes one by default).
SELECT * FROM Orders WHERE OrderDate = '2023-01-15';

ALTER TABLE Orders DROP CONSTRAINT PK_Orders;
CREATE CLUSTERED INDEX IX_Orders_OrderDate ON Orders (OrderDate);
ALTER TABLE Orders ADD CONSTRAINT PK_Orders PRIMARY KEY NONCLUSTERED (OrderID);

SELECT * FROM Orders WHERE OrderDate = '2023-01-15';
GO

-- ===== Index.sql Exercise 3: Composite Index on Orders(CustomerID, OrderDate) =====
SELECT * FROM Orders WHERE CustomerID = 1 AND OrderDate = '2023-01-15';

CREATE NONCLUSTERED INDEX IX_Orders_CustomerID_OrderDate ON Orders (CustomerID, OrderDate);

SELECT * FROM Orders WHERE CustomerID = 1 AND OrderDate = '2023-01-15';
GO
